<?xml version="1.0" encoding="UTF-8"?>
<GenRun Id="synth_1" LaunchPart="xc7a35tcpg236-1" LaunchTime="1714931489">
  <File Type="PA-TCL" Name="NanoProcessor.tcl"/>
  <File Type="RDS-PROPCONSTRS" Name="NanoProcessor_drc_synth.rpt"/>
  <File Type="REPORTS-TCL" Name="NanoProcessor_reports.tcl"/>
  <File Type="RDS-RDS" Name="NanoProcessor.vds"/>
  <File Type="RDS-UTIL" Name="NanoProcessor_utilization_synth.rpt"/>
  <File Type="RDS-UTIL-PB" Name="NanoProcessor_utilization_synth.pb"/>
  <File Type="RDS-DCP" Name="NanoProcessor.dcp"/>
  <File Type="VDS-TIMINGSUMMARY" Name="NanoProcessor_timing_summary_synth.rpt"/>
  <File Type="VDS-TIMING-PB" Name="NanoProcessor_timing_summary_synth.pb"/>
  <FileSet Name="sources" Type="DesignSrcs" RelSrcDir="$PSRCDIR/sources_1">
    <Filter Type="Srcs"/>
    <File Path="$PSRCDIR/sources_1/imports/sources_1/new/Add_Sub.vhd">
      <FileInfo>
        <Attr Name="ImportPath" Val="$PPRDIR/../../Project1/Add_Sub/Add_Sub.srcs/sources_1/new/Add_Sub.vhd"/>
        <Attr Name="ImportTime" Val="1657462496"/>
        <Attr Name="UsedIn" Val="synthesis"/>
        <Attr Name="UsedIn" Val="simulation"/>
      </FileInfo>
    </File>
    <File Path="$PSRCDIR/sources_1/imports/Project/3bit_Add/3bit_Add.srcs/sources_1/new/Adder_3bit.vhd">
      <FileInfo>
        <Attr Name="ImportPath" Val="$PPRDIR/../../Project1/3bit_Add/3bit_Add.srcs/sources_1/new/Adder_3bit.vhd"/>
        <Attr Name="ImportTime" Val="1657598976"/>
        <Attr Name="UsedIn" Val="synthesis"/>
        <Attr Name="UsedIn" Val="simulation"/>
      </FileInfo>
    </File>
    <File Path="$PSRCDIR/sources_1/imports/Project/ProgramCounter/ProgramCounter.srcs/sources_1/imports/new/D_FF.vhd">
      <FileInfo>
        <Attr Name="ImportPath" Val="$PPRDIR/../../Project1/ProgramCounter/ProgramCounter.srcs/sources_1/imports/new/D_FF.vhd"/>
        <Attr Name="ImportTime" Val="1657986651"/>
        <Attr Name="UsedIn" Val="synthesis"/>
        <Attr Name="UsedIn" Val="simulation"/>
      </FileInfo>
    </File>
    <File Path="$PSRCDIR/sources_1/imports/Project/Registers/Registers.srcs/sources_1/imports/new/Decoder_2_to_4.vhd">
      <FileInfo>
        <Attr Name="ImportPath" Val="$PPRDIR/../../Project1/Registers/Registers.srcs/sources_1/imports/new/Decoder_2_to_4.vhd"/>
        <Attr Name="ImportTime" Val="1654419622"/>
        <Attr Name="UsedIn" Val="synthesis"/>
        <Attr Name="UsedIn" Val="simulation"/>
      </FileInfo>
    </File>
    <File Path="$PSRCDIR/sources_1/imports/Project/Registers/Registers.srcs/sources_1/imports/new/Decoder_3_to_8.vhd">
      <FileInfo>
        <Attr Name="ImportPath" Val="$PPRDIR/../../Project1/Registers/Registers.srcs/sources_1/imports/new/Decoder_3_to_8.vhd"/>
        <Attr Name="ImportTime" Val="1654424958"/>
        <Attr Name="UsedIn" Val="synthesis"/>
        <Attr Name="UsedIn" Val="simulation"/>
      </FileInfo>
    </File>
    <File Path="$PSRCDIR/sources_1/imports/sources_1/imports/new/FA.vhd">
      <FileInfo>
        <Attr Name="ImportPath" Val="$PPRDIR/../../Project1/Add_Sub/Add_Sub.srcs/sources_1/imports/new/FA.vhd"/>
        <Attr Name="ImportTime" Val="1654415508"/>
        <Attr Name="UsedIn" Val="synthesis"/>
        <Attr Name="UsedIn" Val="simulation"/>
      </FileInfo>
    </File>
    <File Path="$PSRCDIR/sources_1/imports/sources_1/imports/new/HA.vhd">
      <FileInfo>
        <Attr Name="ImportPath" Val="$PPRDIR/../../Project1/Add_Sub/Add_Sub.srcs/sources_1/imports/new/HA.vhd"/>
        <Attr Name="ImportTime" Val="1654414070"/>
        <Attr Name="UsedIn" Val="synthesis"/>
        <Attr Name="UsedIn" Val="simulation"/>
      </FileInfo>
    </File>
    <File Path="$PSRCDIR/sources_1/imports/new/Instruction_Decoder.vhd">
      <FileInfo>
        <Attr Name="ImportPath" Val="$PPRDIR/../../Project1/Instruction_Decoder/Instruction_Decoder.srcs/sources_1/new/Instruction_Decoder.vhd"/>
        <Attr Name="ImportTime" Val="1657780183"/>
        <Attr Name="UsedIn" Val="synthesis"/>
        <Attr Name="UsedIn" Val="simulation"/>
      </FileInfo>
    </File>
    <File Path="$PSRCDIR/sources_1/imports/new/LUT_16_7.vhd">
      <FileInfo>
        <Attr Name="ImportPath" Val="$PPRDIR/../../Lab_7/Lab7/Lab7.srcs/sources_1/new/LUT_16_7.vhd"/>
        <Attr Name="ImportTime" Val="1656146782"/>
        <Attr Name="UsedIn" Val="synthesis"/>
        <Attr Name="UsedIn" Val="simulation"/>
      </FileInfo>
    </File>
    <File Path="$PSRCDIR/sources_1/imports/Project/Multiplexer/Multiplexer.srcs/sources_1/new/Mux_2_to_1_3bit.sv">
      <FileInfo SFType="VHDL">
        <Attr Name="ImportPath" Val="$PPRDIR/../../Project1/Multiplexer/Multiplexer.srcs/sources_1/new/Mux_2_to_1_3bit.sv"/>
        <Attr Name="ImportTime" Val="1657440913"/>
        <Attr Name="UsedIn" Val="synthesis"/>
        <Attr Name="UsedIn" Val="simulation"/>
      </FileInfo>
    </File>
    <File Path="$PSRCDIR/sources_1/imports/Project/Multiplexer/Multiplexer.srcs/sources_1/new/Mux_2_to_1_4bit.vhd">
      <FileInfo>
        <Attr Name="ImportPath" Val="$PPRDIR/../../Project1/Multiplexer/Multiplexer.srcs/sources_1/new/Mux_2_to_1_4bit.vhd"/>
        <Attr Name="ImportTime" Val="1657518793"/>
        <Attr Name="UsedIn" Val="synthesis"/>
        <Attr Name="UsedIn" Val="simulation"/>
      </FileInfo>
    </File>
    <File Path="$PSRCDIR/sources_1/imports/Project/Multiplexer/Multiplexer.srcs/sources_1/new/Mux_8_to_1_4bit.vhd">
      <FileInfo>
        <Attr Name="ImportPath" Val="$PPRDIR/../../Project1/Multiplexer/Multiplexer.srcs/sources_1/new/Mux_8_to_1_4bit.vhd"/>
        <Attr Name="ImportTime" Val="1657440722"/>
        <Attr Name="UsedIn" Val="synthesis"/>
        <Attr Name="UsedIn" Val="simulation"/>
      </FileInfo>
    </File>
    <File Path="$PSRCDIR/sources_1/imports/new/PC.vhd">
      <FileInfo>
        <Attr Name="ImportPath" Val="$PPRDIR/../../Project1/ProgramCounter/ProgramCounter.srcs/sources_1/new/PC.vhd"/>
        <Attr Name="ImportTime" Val="1657459342"/>
        <Attr Name="UsedIn" Val="synthesis"/>
        <Attr Name="UsedIn" Val="simulation"/>
      </FileInfo>
    </File>
    <File Path="$PSRCDIR/sources_1/imports/Project/Program_ROM/Program_ROM.srcs/sources_1/new/Program_ROM.vhd">
      <FileInfo>
        <Attr Name="ImportPath" Val="$PPRDIR/../../Project1/Program_ROM/Program_ROM.srcs/sources_1/new/Program_ROM.vhd"/>
        <Attr Name="ImportTime" Val="1657465570"/>
        <Attr Name="UsedIn" Val="synthesis"/>
        <Attr Name="UsedIn" Val="simulation"/>
      </FileInfo>
    </File>
    <File Path="$PSRCDIR/sources_1/imports/sources_1/imports/new/RCA.vhd">
      <FileInfo>
        <Attr Name="ImportPath" Val="$PPRDIR/../../Project1/Add_Sub/Add_Sub.srcs/sources_1/imports/new/RCA.vhd"/>
        <Attr Name="ImportTime" Val="1657430026"/>
        <Attr Name="UsedIn" Val="synthesis"/>
        <Attr Name="UsedIn" Val="simulation"/>
      </FileInfo>
    </File>
    <File Path="$PSRCDIR/sources_1/imports/Project/Registers/Registers.srcs/sources_1/new/Register_4bit.vhd">
      <FileInfo>
        <Attr Name="ImportPath" Val="$PPRDIR/../../Project1/Registers/Registers.srcs/sources_1/new/Register_4bit.vhd"/>
        <Attr Name="ImportTime" Val="1657388220"/>
        <Attr Name="UsedIn" Val="synthesis"/>
        <Attr Name="UsedIn" Val="simulation"/>
      </FileInfo>
    </File>
    <File Path="$PSRCDIR/sources_1/imports/Project/Registers/Registers.srcs/sources_1/new/Register_Bank.vhd">
      <FileInfo>
        <Attr Name="ImportPath" Val="$PPRDIR/../../Project1/Registers/Registers.srcs/sources_1/new/Register_Bank.vhd"/>
        <Attr Name="ImportTime" Val="1657392620"/>
        <Attr Name="UsedIn" Val="synthesis"/>
        <Attr Name="UsedIn" Val="simulation"/>
      </FileInfo>
    </File>
    <File Path="$PSRCDIR/sources_1/imports/new/Slow_Clk.vhd">
      <FileInfo>
        <Attr Name="ImportPath" Val="$PPRDIR/../../Lab_5/Lab5/Lab5.srcs/sources_1/new/Slow_Clk.vhd"/>
        <Attr Name="ImportTime" Val="1656056346"/>
        <Attr Name="UsedIn" Val="synthesis"/>
        <Attr Name="UsedIn" Val="simulation"/>
      </FileInfo>
    </File>
    <File Path="$PSRCDIR/sources_1/new/multiplier_2.vhd">
      <FileInfo>
        <Attr Name="UsedIn" Val="synthesis"/>
        <Attr Name="UsedIn" Val="simulation"/>
      </FileInfo>
    </File>
    <File Path="$PSRCDIR/sources_1/imports/Desktop/NanoProcessor.vhd">
      <FileInfo>
        <Attr Name="ImportPath" Val="$PPRDIR/../../../../../../../kobin/Desktop/NanoProcessor.vhd"/>
        <Attr Name="ImportTime" Val="1657594845"/>
        <Attr Name="UsedIn" Val="synthesis"/>
        <Attr Name="UsedIn" Val="simulation"/>
      </FileInfo>
    </File>
    <File Path="$PSRCDIR/sources_1/new/OurProcessor.vhd">
      <FileInfo>
        <Attr Name="UserDisabled" Val="1"/>
        <Attr Name="ImportPath" Val="$PPRDIR/../project_1/project_1.srcs/sources_1/new/OurProcessor.vhd"/>
        <Attr Name="ImportTime" Val="1657892528"/>
        <Attr Name="UsedIn" Val="synthesis"/>
        <Attr Name="UsedIn" Val="simulation"/>
      </FileInfo>
    </File>
    <Config>
      <Option Name="DesignMode" Val="RTL"/>
      <Option Name="TopModule" Val="NanoProcessor"/>
    </Config>
  </FileSet>
  <FileSet Name="constrs_in" Type="Constrs" RelSrcDir="$PSRCDIR/constrs_1">
    <Filter Type="Constrs"/>
    <File Path="$PSRCDIR/constrs_1/imports/Lab/Basys3Labs.xdc">
      <FileInfo>
        <Attr Name="ImportPath" Val="$PPRDIR/../../Basys3Labs.xdc"/>
        <Attr Name="ImportTime" Val="1652348107"/>
        <Attr Name="UsedIn" Val="synthesis"/>
        <Attr Name="UsedIn" Val="implementation"/>
      </FileInfo>
    </File>
    <Config>
      <Option Name="ConstrsType" Val="XDC"/>
    </Config>
  </FileSet>
  <Strategy Version="1" Minor="2">
    <StratHandle Name="Vivado Synthesis Defaults" Flow="Vivado Synthesis 2018"/>
    <Step Id="synth_design"/>
  </Strategy>
</GenRun>
