<?xml version="1.0" encoding="UTF-8"?>
<GenRun Id="impl_1" LaunchPart="xc7a35tcpg236-1" LaunchTime="1714931663">
  <File Type="BITSTR-BMM" Name="NanoProcessor_bd.bmm"/>
  <File Type="OPT-METHODOLOGY-DRC" Name="NanoProcessor_methodology_drc_opted.rpt"/>
  <File Type="INIT-TIMING" Name="NanoProcessor_timing_summary_init.rpt"/>
  <File Type="ROUTE-PWR" Name="NanoProcessor_power_routed.rpt"/>
  <File Type="PA-TCL" Name="NanoProcessor.tcl"/>
  <File Type="OPT-TIMING" Name="NanoProcessor_timing_summary_opted.rpt"/>
  <File Type="OPT-DCP" Name="NanoProcessor_opt.dcp"/>
  <File Type="ROUTE-PWR-SUM" Name="NanoProcessor_power_summary_routed.pb"/>
  <File Type="REPORTS-TCL" Name="NanoProcessor_reports.tcl"/>
  <File Type="OPT-DRC" Name="NanoProcessor_drc_opted.rpt"/>
  <File Type="OPT-HWDEF" Name="NanoProcessor.hwdef"/>
  <File Type="PWROPT-DCP" Name="NanoProcessor_pwropt.dcp"/>
  <File Type="PWROPT-DRC" Name="NanoProcessor_drc_pwropted.rpt"/>
  <File Type="PWROPT-TIMING" Name="NanoProcessor_timing_summary_pwropted.rpt"/>
  <File Type="PLACE-DCP" Name="NanoProcessor_placed.dcp"/>
  <File Type="PLACE-IO" Name="NanoProcessor_io_placed.rpt"/>
  <File Type="PLACE-CLK" Name="NanoProcessor_clock_utilization_placed.rpt"/>
  <File Type="PLACE-UTIL" Name="NanoProcessor_utilization_placed.rpt"/>
  <File Type="PLACE-UTIL-PB" Name="NanoProcessor_utilization_placed.pb"/>
  <File Type="PLACE-CTRL" Name="NanoProcessor_control_sets_placed.rpt"/>
  <File Type="PLACE-SIMILARITY" Name="NanoProcessor_incremental_reuse_placed.rpt"/>
  <File Type="PLACE-PRE-SIMILARITY" Name="NanoProcessor_incremental_reuse_pre_placed.rpt"/>
  <File Type="BG-BGN" Name="NanoProcessor.bgn"/>
  <File Type="PLACE-TIMING" Name="NanoProcessor_timing_summary_placed.rpt"/>
  <File Type="POSTPLACE-PWROPT-DCP" Name="NanoProcessor_postplace_pwropt.dcp"/>
  <File Type="BG-BIN" Name="NanoProcessor.bin"/>
  <File Type="POSTPLACE-PWROPT-TIMING" Name="NanoProcessor_timing_summary_postplace_pwropted.rpt"/>
  <File Type="PHYSOPT-DCP" Name="NanoProcessor_physopt.dcp"/>
  <File Type="PHYSOPT-DRC" Name="NanoProcessor_drc_physopted.rpt"/>
  <File Type="BITSTR-MSK" Name="NanoProcessor.msk"/>
  <File Type="PHYSOPT-TIMING" Name="NanoProcessor_timing_summary_physopted.rpt"/>
  <File Type="ROUTE-ERROR-DCP" Name="NanoProcessor_routed_error.dcp"/>
  <File Type="ROUTE-DCP" Name="NanoProcessor_routed.dcp"/>
  <File Type="ROUTE-BLACKBOX-DCP" Name="NanoProcessor_routed_bb.dcp"/>
  <File Type="ROUTE-DRC" Name="NanoProcessor_drc_routed.rpt"/>
  <File Type="ROUTE-DRC-PB" Name="NanoProcessor_drc_routed.pb"/>
  <File Type="BITSTR-LTX" Name="debug_nets.ltx"/>
  <File Type="BITSTR-LTX" Name="NanoProcessor.ltx"/>
  <File Type="ROUTE-DRC-RPX" Name="NanoProcessor_drc_routed.rpx"/>
  <File Type="BITSTR-MMI" Name="NanoProcessor.mmi"/>
  <File Type="ROUTE-METHODOLOGY-DRC" Name="NanoProcessor_methodology_drc_routed.rpt"/>
  <File Type="ROUTE-METHODOLOGY-DRC-RPX" Name="NanoProcessor_methodology_drc_routed.rpx"/>
  <File Type="BITSTR-SYSDEF" Name="NanoProcessor.sysdef"/>
  <File Type="ROUTE-METHODOLOGY-DRC-PB" Name="NanoProcessor_methodology_drc_routed.pb"/>
  <File Type="ROUTE-PWR-RPX" Name="NanoProcessor_power_routed.rpx"/>
  <File Type="ROUTE-STATUS" Name="NanoProcessor_route_status.rpt"/>
  <File Type="ROUTE-STATUS-PB" Name="NanoProcessor_route_status.pb"/>
  <File Type="ROUTE-TIMINGSUMMARY" Name="NanoProcessor_timing_summary_routed.rpt"/>
  <File Type="ROUTE-TIMING-PB" Name="NanoProcessor_timing_summary_routed.pb"/>
  <File Type="ROUTE-TIMING-RPX" Name="NanoProcessor_timing_summary_routed.rpx"/>
  <File Type="ROUTE-SIMILARITY" Name="NanoProcessor_incremental_reuse_routed.rpt"/>
  <File Type="ROUTE-CLK" Name="NanoProcessor_clock_utilization_routed.rpt"/>
  <File Type="ROUTE-BUS-SKEW" Name="NanoProcessor_bus_skew_routed.rpt"/>
  <File Type="ROUTE-BUS-SKEW-PB" Name="NanoProcessor_bus_skew_routed.pb"/>
  <File Type="ROUTE-BUS-SKEW-RPX" Name="NanoProcessor_bus_skew_routed.rpx"/>
  <File Type="POSTROUTE-PHYSOPT-DCP" Name="NanoProcessor_postroute_physopt.dcp"/>
  <File Type="POSTROUTE-PHYSOPT-BLACKBOX-DCP" Name="NanoProcessor_postroute_physopt_bb.dcp"/>
  <File Type="POSTROUTE-PHYSOPT-TIMING" Name="NanoProcessor_timing_summary_postroute_physopted.rpt"/>
  <File Type="POSTROUTE-PHYSOPT-TIMING-PB" Name="NanoProcessor_timing_summary_postroute_physopted.pb"/>
  <File Type="POSTROUTE-PHYSOPT-TIMING-RPX" Name="NanoProcessor_timing_summary_postroute_physopted.rpx"/>
  <File Type="POSTROUTE-PHYSOPT-BUS-SKEW" Name="NanoProcessor_bus_skew_postroute_physopted.rpt"/>
  <File Type="POSTROUTE-PHYSOPT-BUS-SKEW-PB" Name="NanoProcessor_bus_skew_postroute_physopted.pb"/>
  <File Type="BG-BIT" Name="NanoProcessor.bit"/>
  <File Type="POSTROUTE-PHYSOPT-BUS-SKEW-RPX" Name="NanoProcessor_bus_skew_postroute_physopted.rpx"/>
  <File Type="BITSTR-RBT" Name="NanoProcessor.rbt"/>
  <File Type="BITSTR-NKY" Name="NanoProcessor.nky"/>
  <File Type="BG-DRC" Name="NanoProcessor.drc"/>
  <File Type="RDI-RDI" Name="NanoProcessor.vdi"/>
  <File Type="WBT-USG" Name="usage_statistics_webtalk.html"/>
  <FileSet Name="sources" Type="DesignSrcs" RelSrcDir="$PSRCDIR/sources_1">
    <Filter Type="Srcs"/>
    <File Path="$PSRCDIR/sources_1/imports/sources_1/new/Add_Sub.vhd">
      <FileInfo>
        <Attr Name="ImportPath" Val="$PPRDIR/../../Project1/Add_Sub/Add_Sub.srcs/sources_1/new/Add_Sub.vhd"/>
        <Attr Name="ImportTime" Val="1657462496"/>
        <Attr Name="UsedIn" Val="synthesis"/>
        <Attr Name="UsedIn" Val="simulation"/>
      </FileInfo>
    </File>
    <File Path="$PSRCDIR/sources_1/imports/Project/3bit_Add/3bit_Add.srcs/sources_1/new/Adder_3bit.vhd">
      <FileInfo>
        <Attr Name="ImportPath" Val="$PPRDIR/../../Project1/3bit_Add/3bit_Add.srcs/sources_1/new/Adder_3bit.vhd"/>
        <Attr Name="ImportTime" Val="1657598976"/>
        <Attr Name="UsedIn" Val="synthesis"/>
        <Attr Name="UsedIn" Val="simulation"/>
      </FileInfo>
    </File>
    <File Path="$PSRCDIR/sources_1/imports/Project/ProgramCounter/ProgramCounter.srcs/sources_1/imports/new/D_FF.vhd">
      <FileInfo>
        <Attr Name="ImportPath" Val="$PPRDIR/../../Project1/ProgramCounter/ProgramCounter.srcs/sources_1/imports/new/D_FF.vhd"/>
        <Attr Name="ImportTime" Val="1657986651"/>
        <Attr Name="UsedIn" Val="synthesis"/>
        <Attr Name="UsedIn" Val="simulation"/>
      </FileInfo>
    </File>
    <File Path="$PSRCDIR/sources_1/imports/Project/Registers/Registers.srcs/sources_1/imports/new/Decoder_2_to_4.vhd">
      <FileInfo>
        <Attr Name="ImportPath" Val="$PPRDIR/../../Project1/Registers/Registers.srcs/sources_1/imports/new/Decoder_2_to_4.vhd"/>
        <Attr Name="ImportTime" Val="1654419622"/>
        <Attr Name="UsedIn" Val="synthesis"/>
        <Attr Name="UsedIn" Val="simulation"/>
      </FileInfo>
    </File>
    <File Path="$PSRCDIR/sources_1/imports/Project/Registers/Registers.srcs/sources_1/imports/new/Decoder_3_to_8.vhd">
      <FileInfo>
        <Attr Name="ImportPath" Val="$PPRDIR/../../Project1/Registers/Registers.srcs/sources_1/imports/new/Decoder_3_to_8.vhd"/>
        <Attr Name="ImportTime" Val="1654424958"/>
        <Attr Name="UsedIn" Val="synthesis"/>
        <Attr Name="UsedIn" Val="simulation"/>
      </FileInfo>
    </File>
    <File Path="$PSRCDIR/sources_1/imports/sources_1/imports/new/FA.vhd">
      <FileInfo>
        <Attr Name="ImportPath" Val="$PPRDIR/../../Project1/Add_Sub/Add_Sub.srcs/sources_1/imports/new/FA.vhd"/>
        <Attr Name="ImportTime" Val="1654415508"/>
        <Attr Name="UsedIn" Val="synthesis"/>
        <Attr Name="UsedIn" Val="simulation"/>
      </FileInfo>
    </File>
    <File Path="$PSRCDIR/sources_1/imports/sources_1/imports/new/HA.vhd">
      <FileInfo>
        <Attr Name="ImportPath" Val="$PPRDIR/../../Project1/Add_Sub/Add_Sub.srcs/sources_1/imports/new/HA.vhd"/>
        <Attr Name="ImportTime" Val="1654414070"/>
        <Attr Name="UsedIn" Val="synthesis"/>
        <Attr Name="UsedIn" Val="simulation"/>
      </FileInfo>
    </File>
    <File Path="$PSRCDIR/sources_1/imports/new/Instruction_Decoder.vhd">
      <FileInfo>
        <Attr Name="ImportPath" Val="$PPRDIR/../../Project1/Instruction_Decoder/Instruction_Decoder.srcs/sources_1/new/Instruction_Decoder.vhd"/>
        <Attr Name="ImportTime" Val="1657780183"/>
        <Attr Name="UsedIn" Val="synthesis"/>
        <Attr Name="UsedIn" Val="simulation"/>
      </FileInfo>
    </File>
    <File Path="$PSRCDIR/sources_1/imports/new/LUT_16_7.vhd">
      <FileInfo>
        <Attr Name="ImportPath" Val="$PPRDIR/../../Lab_7/Lab7/Lab7.srcs/sources_1/new/LUT_16_7.vhd"/>
        <Attr Name="ImportTime" Val="1656146782"/>
        <Attr Name="UsedIn" Val="synthesis"/>
        <Attr Name="UsedIn" Val="simulation"/>
      </FileInfo>
    </File>
    <File Path="$PSRCDIR/sources_1/imports/Project/Multiplexer/Multiplexer.srcs/sources_1/new/Mux_2_to_1_3bit.sv">
      <FileInfo SFType="VHDL">
        <Attr Name="ImportPath" Val="$PPRDIR/../../Project1/Multiplexer/Multiplexer.srcs/sources_1/new/Mux_2_to_1_3bit.sv"/>
        <Attr Name="ImportTime" Val="1657440913"/>
        <Attr Name="UsedIn" Val="synthesis"/>
        <Attr Name="UsedIn" Val="simulation"/>
      </FileInfo>
    </File>
    <File Path="$PSRCDIR/sources_1/imports/Project/Multiplexer/Multiplexer.srcs/sources_1/new/Mux_2_to_1_4bit.vhd">
      <FileInfo>
        <Attr Name="ImportPath" Val="$PPRDIR/../../Project1/Multiplexer/Multiplexer.srcs/sources_1/new/Mux_2_to_1_4bit.vhd"/>
        <Attr Name="ImportTime" Val="1657518793"/>
        <Attr Name="UsedIn" Val="synthesis"/>
        <Attr Name="UsedIn" Val="simulation"/>
      </FileInfo>
    </File>
    <File Path="$PSRCDIR/sources_1/imports/Project/Multiplexer/Multiplexer.srcs/sources_1/new/Mux_8_to_1_4bit.vhd">
      <FileInfo>
        <Attr Name="ImportPath" Val="$PPRDIR/../../Project1/Multiplexer/Multiplexer.srcs/sources_1/new/Mux_8_to_1_4bit.vhd"/>
        <Attr Name="ImportTime" Val="1657440722"/>
        <Attr Name="UsedIn" Val="synthesis"/>
        <Attr Name="UsedIn" Val="simulation"/>
      </FileInfo>
    </File>
    <File Path="$PSRCDIR/sources_1/imports/new/PC.vhd">
      <FileInfo>
        <Attr Name="ImportPath" Val="$PPRDIR/../../Project1/ProgramCounter/ProgramCounter.srcs/sources_1/new/PC.vhd"/>
        <Attr Name="ImportTime" Val="1657459342"/>
        <Attr Name="UsedIn" Val="synthesis"/>
        <Attr Name="UsedIn" Val="simulation"/>
      </FileInfo>
    </File>
    <File Path="$PSRCDIR/sources_1/imports/Project/Program_ROM/Program_ROM.srcs/sources_1/new/Program_ROM.vhd">
      <FileInfo>
        <Attr Name="ImportPath" Val="$PPRDIR/../../Project1/Program_ROM/Program_ROM.srcs/sources_1/new/Program_ROM.vhd"/>
        <Attr Name="ImportTime" Val="1657465570"/>
        <Attr Name="UsedIn" Val="synthesis"/>
        <Attr Name="UsedIn" Val="simulation"/>
      </FileInfo>
    </File>
    <File Path="$PSRCDIR/sources_1/imports/sources_1/imports/new/RCA.vhd">
      <FileInfo>
        <Attr Name="ImportPath" Val="$PPRDIR/../../Project1/Add_Sub/Add_Sub.srcs/sources_1/imports/new/RCA.vhd"/>
        <Attr Name="ImportTime" Val="1657430026"/>
        <Attr Name="UsedIn" Val="synthesis"/>
        <Attr Name="UsedIn" Val="simulation"/>
      </FileInfo>
    </File>
    <File Path="$PSRCDIR/sources_1/imports/Project/Registers/Registers.srcs/sources_1/new/Register_4bit.vhd">
      <FileInfo>
        <Attr Name="ImportPath" Val="$PPRDIR/../../Project1/Registers/Registers.srcs/sources_1/new/Register_4bit.vhd"/>
        <Attr Name="ImportTime" Val="1657388220"/>
        <Attr Name="UsedIn" Val="synthesis"/>
        <Attr Name="UsedIn" Val="simulation"/>
      </FileInfo>
    </File>
    <File Path="$PSRCDIR/sources_1/imports/Project/Registers/Registers.srcs/sources_1/new/Register_Bank.vhd">
      <FileInfo>
        <Attr Name="ImportPath" Val="$PPRDIR/../../Project1/Registers/Registers.srcs/sources_1/new/Register_Bank.vhd"/>
        <Attr Name="ImportTime" Val="1657392620"/>
        <Attr Name="UsedIn" Val="synthesis"/>
        <Attr Name="UsedIn" Val="simulation"/>
      </FileInfo>
    </File>
    <File Path="$PSRCDIR/sources_1/imports/new/Slow_Clk.vhd">
      <FileInfo>
        <Attr Name="ImportPath" Val="$PPRDIR/../../Lab_5/Lab5/Lab5.srcs/sources_1/new/Slow_Clk.vhd"/>
        <Attr Name="ImportTime" Val="1656056346"/>
        <Attr Name="UsedIn" Val="synthesis"/>
        <Attr Name="UsedIn" Val="simulation"/>
      </FileInfo>
    </File>
    <File Path="$PSRCDIR/sources_1/new/multiplier_2.vhd">
      <FileInfo>
        <Attr Name="UsedIn" Val="synthesis"/>
        <Attr Name="UsedIn" Val="simulation"/>
      </FileInfo>
    </File>
    <File Path="$PSRCDIR/sources_1/imports/Desktop/NanoProcessor.vhd">
      <FileInfo>
        <Attr Name="ImportPath" Val="$PPRDIR/../../../../../../../kobin/Desktop/NanoProcessor.vhd"/>
        <Attr Name="ImportTime" Val="1657594845"/>
        <Attr Name="UsedIn" Val="synthesis"/>
        <Attr Name="UsedIn" Val="simulation"/>
      </FileInfo>
    </File>
    <File Path="$PSRCDIR/sources_1/new/OurProcessor.vhd">
      <FileInfo>
        <Attr Name="UserDisabled" Val="1"/>
        <Attr Name="ImportPath" Val="$PPRDIR/../project_1/project_1.srcs/sources_1/new/OurProcessor.vhd"/>
        <Attr Name="ImportTime" Val="1657892528"/>
        <Attr Name="UsedIn" Val="synthesis"/>
        <Attr Name="UsedIn" Val="simulation"/>
      </FileInfo>
    </File>
    <Config>
      <Option Name="DesignMode" Val="RTL"/>
      <Option Name="TopModule" Val="NanoProcessor"/>
    </Config>
  </FileSet>
  <FileSet Name="constrs_in" Type="Constrs" RelSrcDir="$PSRCDIR/constrs_1">
    <Filter Type="Constrs"/>
    <File Path="$PSRCDIR/constrs_1/imports/Lab/Basys3Labs.xdc">
      <FileInfo>
        <Attr Name="ImportPath" Val="$PPRDIR/../../Basys3Labs.xdc"/>
        <Attr Name="ImportTime" Val="1652348107"/>
        <Attr Name="UsedIn" Val="synthesis"/>
        <Attr Name="UsedIn" Val="implementation"/>
      </FileInfo>
    </File>
    <Config>
      <Option Name="ConstrsType" Val="XDC"/>
    </Config>
  </FileSet>
  <Strategy Version="1" Minor="2">
    <StratHandle Name="Vivado Implementation Defaults" Flow="Vivado Implementation 2018"/>
    <Step Id="init_design"/>
    <Step Id="opt_design"/>
    <Step Id="power_opt_design"/>
    <Step Id="place_design"/>
    <Step Id="post_place_power_opt_design"/>
    <Step Id="phys_opt_design"/>
    <Step Id="route_design"/>
    <Step Id="post_route_phys_opt_design"/>
    <Step Id="write_bitstream"/>
  </Strategy>
</GenRun>
